;couche;min.14C;max.14C;site;level;pays;lat;long;alt;nb_mamm;First_predite;proba_value;Second_predite;proba_value.1;MAT.moy;MAT.min;MAT.max;Tp.moy;Tp.min;Tp.max;Tmax.moy;Tmax.min;Tmax.max;Tmin.moy;Tmin.min;Tmin.max;Mta.moy;Mta.min;Mta.max;It.moy;It.min;It.max;Itc.moy;Itc.min;Itc.max;P.moy;P.min;P.max;D.moy;D.min;D.max;MAT_se.fit;Tp_se.fit;Tmax_se.fit;Tmin_se.fit;Mta_se.fit;It_se.fit;Itc_se.fit;P_se.fit;D_se.fit;MAT_df;Tp_df;Tmax_df;Tmin_df;Mta_df;It_df;Itc_df;P_df;D_df;MAT_residual.scale;Tp_residual.scale;Tmax_residual.scale;Tmin_residual.scale;Mta_residual.scale;It_residual.scale;Itc_residual.scale;P_residual.scale;D_residual.scale
1; Grodno district_NA;-14876.5;-14182.5; Grodno district;NA;belarus;53.6165;23.9833;122;3;7;0.99763228;9;0.00236772;-5.035091299;-11.65357178;1.58338918;481.8368911;63.53831858;900.1354636;11.96081287;6.842896428;17.07872931;-21.1730573;-35.86350453;-6.482610076;33.13387017;16.67811678;49.58962356;-491.4120364;-842.8352794;-139.9887933;-268.094497;-444.0418047;-92.14718923;236.8701716;-409.9745282;883.7148714;2.500452495;-0.616198148;5.617103137;1.212006935;76.60078056;0.937216667;2.690183037;3.013454114;64.35425911;32.22028952;118.4532106;0.570735565;38;38;38;38;38;38;38;38;38;3.036408522;191.9058845;2.347983822;6.739643531;7.549525905;161.2250022;80.72062859;296.7576568;1.429848528
2;Abri de Rochedane_D1 SOM;-14961;-11620;Abri de Rochedane;D1 SOM;France;47.45;6.59;355;2;6;0.799063861;8;0.200936138;1.069231033;-6.590586451;8.729048517;849.7836754;365.6709354;1333.896415;17.90907267;11.98591463;23.8322307;-15.24188665;-32.24369618;1.759922891;33.15095931;14.10609426;52.19582436;-269.6673536;-676.3827485;137.0480413;-58.27444767;-261.9049137;145.3560183;372.505391;-376.112416;1121.123198;-1.227157684;-4.834175211;2.379859843;2.257664497;142.6880142;1.745799248;5.011135298;5.613308118;119.8758207;60.01830651;220.6485792;1.063137004;38;38;38;38;38;38;38;38;38;3.036408522;191.9058845;2.347983822;6.739643531;7.549525905;161.2250022;80.72062859;296.7576568;1.429848528
3;Atxurra-Armiœa_Unit 4;-14721.5;-14058.5;Atxurra-Armi§a;Unit 4;;43.326;-2.4;50;3;6;0.993083037;4;0.006849861;4.01982834;-2.910198465;10.94985515;1055.91951;617.9307104;1493.90831;19.96183406;14.60300612;25.320662;-10.97940817;-26.36136683;4.402550478;30.94124223;13.7108806;48.17160386;-175.019982;-542.9854844;192.9455204;28.46999734;-155.7595343;212.699529;380.8095273;-296.4835648;1058.102619;1.580480448;-1.682877745;4.843838642;1.580800791;99.90914327;1.222396347;3.508761667;3.930398838;83.93620597;42.02439581;154.4965822;0.744401048;38;38;38;38;38;38;38;38;38;3.036408522;191.9058845;2.347983822;6.739643531;7.549525905;161.2250022;80.72062859;296.7576568;1.429848528
4;Blenien_16;-15041;-13282.5;Blenien;16;France;47.452;7.3902;555;7;6;0.999816729;4;0.000108609;5.305741977;-1.754342832;12.36582679;1175.94699;729.7383162;1622.155664;18.98324131;13.52384255;24.44264007;-7.199341415;-22.86997815;8.471295318;26.18258273;8.628853454;43.736312;-82.13545787;-457.0066851;292.7357694;13.29498679;-174.3920387;200.9820123;426.9956491;-263.0084166;1116.999715;1.506032766;-1.818569902;4.830635434;1.715492437;108.4218711;1.326550252;3.807724627;4.265287263;91.0879646;45.60507154;167.660416;0.80782751;38;38;38;38;38;38;38;38;38;3.036408522;191.9058845;2.347983822;6.739643531;7.549525905;161.2250022;80.72062859;296.7576568;1.429848528
5;Bois Ragot_4;-15209.5;-14235;Bois Ragot;4;France;46.6;0.683;80;12;6;0.999843037;8;9.45E-05;4.067780447;-2.962026278;11.09758717;1015.062176;570.7671259;1459.357227;18.26123107;12.82524564;23.69721649;-9.087822015;-24.6912532;6.515609172;27.34905308;9.87060524;44.82750093;-125.7181761;-498.9817198;247.5453675;-9.045287649;-195.9273932;177.8368179;432.1648777;-254.8800166;1119.209772;0.749229628;-2.561115053;4.059574309;1.684878175;106.4870007;1.302876958;3.739772896;4.18916998;89.46243087;44.79121449;164.6683889;0.793411216;38;38;38;38;38;38;38;38;38;3.036408522;191.9058845;2.347983822;6.739643531;7.549525905;161.2250022;80.72062859;296.7576568;1.429848528
6;Brillenh?hle_IV;-15116.5;-14244;Brillenhîhle;IV;Germany;48.4;9.77;575;5;6;0.993493208;4;0.006506231;6.661072546;-0.506647045;13.82879214;1193.027465;740.0161002;1646.038829;21.28523479;15.74260457;26.82786501;-6.998817673;-22.90836167;8.910726327;28.28405246;10.46270716;46.10539776;-59.87556834;-440.4619087;320.710772;89.32517648;-101.2232385;279.8735914;438.9317024;-261.5918455;1139.45525;1.279608462;-2.095679558;4.654896482;1.821151984;115.0997238;1.408254313;4.042247643;4.527992193;96.69819807;48.41395085;177.9868524;0.857582722;38;38;38;38;38;38;38;38;38;3.036408522;191.9058845;2.347983822;6.739643531;7.549525905;161.2250022;80.72062859;296.7576568;1.429848528
7;Broken cavern_14;-15099.5;-14172;Broken cavern;14;UK;50.51;-3.66;80;7;8;0.97666971;6;0.023330215;-1.81615353;-8.693111864;5.060804804;736.2855168;301.6507296;1170.920304;16.68981632;11.37202499;22.00760766;-19.48930439;-34.75347172;-4.225137066;36.17912072;19.08070503;53.2775364;-407.7457582;-772.8934696;-42.59804678;-112.3368065;-295.1555529;70.4819399;292.4448599;-379.6616853;964.5514051;0.523698883;-2.714669301;3.762067068;1.523199901;96.26867471;1.177854923;3.38091014;3.787183783;80.87775597;40.49311963;148.8670679;0.717276717;38;38;38;38;38;38;38;38;38;3.036408522;191.9058845;2.347983822;6.739643531;7.549525905;161.2250022;80.72062859;296.7576568;1.429848528
8;Broken cavern_21;-15099.5;-14172;Broken cavern;21;UK;50.51;-3.66;80;4;6;0.938465421;8;0.060533296;0.412223423;-6.371338378;7.195785225;863.2967377;434.564761;1292.028714;18.19356296;12.94799298;23.43913293;-16.52751911;-31.58438254;-1.470655687;34.72108207;17.85488136;51.58728277;-330.8249033;-691.0135139;29.36370723;-54.88601343;-235.2218835;125.4498567;305.6482192;-357.3303922;968.6268306;1.591033168;-1.603354474;4.78542081;1.417327879;89.57739327;1.09598656;3.145915514;3.52395057;75.25624067;37.67859184;138.5198656;0.667421451;38;38;38;38;38;38;38;38;38;3.036408522;191.9058845;2.347983822;6.739643531;7.549525905;161.2250022;80.72062859;296.7576568;1.429848528
9;Burgh?hle Dietfurt_E9/E10: 455-370 cm;-14914;-13859.5;Burghîhle Dietfurt;E9/E10: 455-370 cm;Germany;48.0778;9.1394;610;6;6;0.537515683;8;0.462483213;1.194846133;-5.825118828;8.214811094;859.4301028;415.7570677;1303.103138;15.22063943;9.79226441;20.64901444;-11.34443903;-26.92602534;4.237147272;26.56507846;9.111100531;44.01905639;-199.6044472;-572.3454201;173.1365256;-98.47542177;-285.0958914;88.14504788;441.4282914;-244.6547366;1127.511319;0.125450128;-3.180260054;3.43116031;1.674835933;105.8523149;1.295111527;3.717483034;4.164201613;88.92921527;44.52424908;163.6869294;0.788682312;38;38;38;38;38;38;38;38;38;3.036408522;191.9058845;2.347983822;6.739643531;7.549525905;161.2250022;80.72062859;296.7576568;1.429848528
10;Burkhardtsh?hle_NA;-15079;-14152;Burkhardtshîhle;NA;Germany;48.39;9.8;525;3;6;0.999996755;8;2.95E-06;4.280327316;-3.133813062;11.69446769;934.0163348;465.4307816;1402.601888;15.57411543;9.840933769;21.3072971;-6.07316755;-22.52966966;10.38333456;21.64728298;3.21325329;40.08131268;-50.76117689;-444.4317882;342.9094344;-76.75224036;-273.851566;120.3470852;486.3700405;-238.2369781;1210.977059;0.183908305;-3.307419568;3.675236179;2.047777851;129.4228418;1.583498805;4.545268744;5.091459803;108.7314129;54.43862846;200.1357039;0.964301123;38;38;38;38;38;38;38;38;38;3.036408522;191.9058845;2.347983822;6.739643531;7.549525905;161.2250022;80.72062859;296.7576568;1.429848528
11;Chaleux_NA;-15839;-14132.5;Chaleux;NA;Belgium;50.222;4.942;204;4;6;0.98846473;8;0.010733943;1.165523479;-5.815025397;8.146072356;917.6465431;476.4646676;1358.828419;19.9044628;14.50656732;25.30235828;-17.00227516;-32.49637312;-1.508177198;36.90673796;19.55076158;54.26271433;-331.3466974;-701.9947838;39.30138903;-12.21378808;-197.7864109;173.3588347;288.0013527;-394.2294187;970.2321241;1.416043207;-1.871105892;4.703192306;1.63414125;103.2803457;1.263643278;3.627156697;4.063021036;86.76843868;43.44241164;159.7097113;0.769519136;38;38;38;38;38;38;38;38;38;3.036408522;191.9058845;2.347983822;6.739643531;7.549525905;161.2250022;80.72062859;296.7576568;1.429848528
12;Coulet des Roches_G1E;-14876;-14108.5;Coulet des Roches;G1E;France;44.06;5.35;800;8;6;0.99434422;4;0.005652683;6.189680423;-0.908273406;13.28763425;1163.599655;714.9975982;1612.201711;20.27732918;14.78864719;25.76601116;-6.732927007;-22.48761821;9.021764193;27.01025618;9.362371873;44.65814049;-59.41972698;-436.3016958;317.4622419;65.52320078;-123.1705441;254.2169456;453.4767924;-240.2283306;1147.181915;1.267925323;-2.074509913;4.61036056;1.753208497;110.8055865;1.3557152;3.891439581;4.359061987;93.09058441;46.60772453;171.3465239;0.825588049;38;38;38;38;38;38;38;38;38;3.036408522;191.9058845;2.347983822;6.739643531;7.549525905;161.2250022;80.72062859;296.7576568;1.429848528
13;Dufaure_4;-15708.5;-13393.5;Dufaure;4;France;43.498;-1.38;30;5;6;0.999552331;8;0.000435338;3.442229462;-3.871352008;10.75581093;1016.94502;554.7149514;1479.17509;20.50944938;14.85402757;26.16487119;-13.0642044;-29.29750492;3.169096128;33.57365377;15.38964712;51.75766043;-213.2963659;-601.6275737;175.034842;27.90999962;-166.5160433;222.3360426;363.3703796;-351.408704;1078.149463;0.317433227;-3.126541333;3.761407786;1.957552993;123.7204862;1.513730029;4.345004723;4.867130666;103.9407192;52.04006871;191.3177477;0.921814125;38;38;38;38;38;38;38;38;38;3.036408522;191.9058845;2.347983822;6.739643531;7.549525905;161.2250022;80.72062859;296.7576568;1.429848528
14;El Mirador cave_MI-R51;-15089.5;-13189.5;El Mirador cave;MI-R51;spain;42.349;-3.51;1033;6;6;0.999244721;8;0.000706131;3.566893373;-3.639920122;10.77370687;1026.864097;571.3819352;1482.346259;19.98299606;14.41013543;25.55585669;-12.05071335;-28.04703058;3.945603884;32.03370941;14.1151636;49.95225521;-192.987586;-575.6497058;189.6745339;22.73307567;-168.8546212;214.3207726;383.5070167;-320.8373003;1087.851334;0.531363352;-2.862334036;3.92506074;1.858418133;117.4550041;1.437071356;4.124963969;4.620648287;98.67692881;49.40464328;181.6289892;0.875131397;38;38;38;38;38;38;38;38;38;3.036408522;191.9058845;2.347983822;6.739643531;7.549525905;161.2250022;80.72062859;296.7576568;1.429848528
15;Emine-Bair-Khosar Cave, site Ba2_F;-15330;-13630.5;Emine-Bair-Khosar Cave, site Ba2;F;Crimea;44.7;34.3;982;5;7;0.999920842;6;7.91E-05;5.083751309;-1.95345834;12.12096096;1032.367986;587.6050592;1477.130913;22.32807478;16.88636485;27.76978471;-12.72451254;-28.34437533;2.89535025;35.05258732;17.55573333;52.5494413;-196.3278232;-569.9844419;177.3287955;50.628899;-136.4500077;237.7078057;282.0584101;-405.709995;969.8268151;1.832738768;-1.481091959;5.146569495;1.692402531;106.9625521;1.308695367;3.756474035;4.207878043;89.86195364;44.99124382;165.4037676;0.796954445;38;38;38;38;38;38;38;38;38;3.036408522;191.9058845;2.347983822;6.739643531;7.549525905;161.2250022;80.72062859;296.7576568;1.429848528
16;Felsst?lle_GH 3b (AH IIIb);-15105.5;-13239;FelsstÑlle;GH 3b (AH IIIb);Germany;48.27;9.75;530;10;6;0.995892063;8;0.004089732;3.009226321;-3.967148428;9.98560107;1030.157602;589.2395378;1471.075666;18.20456649;12.80989877;23.59923422;-11.17615239;-26.66098541;4.308680637;29.38071888;12.03512078;46.72631698;-186.5024963;-556.9289479;183.9239554;-29.92898862;-215.3906454;155.5326682;382.4178978;-299.4049232;1064.240719;1.117275437;-2.16790806;4.402458935;1.629786127;103.005095;1.260275563;3.617490021;4.052192746;86.53719354;43.32663398;159.2840715;0.767468303;38;38;38;38;38;38;38;38;38;3.036408522;191.9058845;2.347983822;6.739643531;7.549525905;161.2250022;80.72062859;296.7576568;1.429848528
17;Gigny_IV;-17822;-13405;Gigny;IV;France;46.42;5.39;400;6;6;0.678143412;8;0.32185496;0.945993906;-6.008427017;7.900414829;839.455625;399.925078;1278.986172;15.1925561;9.814864758;20.57024744;-11.92944286;-27.36554694;3.506661231;27.12199896;9.8309854;44.41301251;-215.3449438;-584.6057072;153.9158196;-105.633599;-290.5116298;79.24443192;425.5481489;-254.1290563;1105.225354;0.266928721;-3.007916692;3.541774135;1.606728377;101.5478082;1.242445543;3.566310802;3.994863476;85.31288996;42.7136611;157.0305658;0.75661038;38;38;38;38;38;38;38;38;38;3.036408522;191.9058845;2.347983822;6.739643531;7.549525905;161.2250022;80.72062859;296.7576568;1.429848528
18;Gough's cave - area III_E1;-15244;-14249.5;Gough's cave - area III;E1;UK;51.08;-2.81;10;2;9;0.999972227;8;1.71E-05;-0.10767124;-6.892283795;6.676941315;759.811427;331.0130411;1188.609813;11.74959441;6.503211916;16.99597691;-9.908625595;-24.96782128;5.150570094;21.65822001;4.789406778;38.52703324;-196.3337518;-556.5781545;163.9106509;-185.241128;-365.6049316;-4.877324381;458.1443927;-204.9369121;1121.225697;1.66602574;-1.528856703;4.860908183;1.418554595;89.65492364;1.096935151;3.148638343;3.527000594;75.3213759;37.71120314;138.6397563;0.667999113;38;38;38;38;38;38;38;38;38;3.036408522;191.9058845;2.347983822;6.739643531;7.549525905;161.2250022;80.72062859;296.7576568;1.429848528
19;Gough's cave - area III_E2;-15237.5;-14461;Gough's cave - area III;E2;UK;51.08;-2.81;10;2;9;0.999972227;8;1.71E-05;-0.10767124;-6.892283795;6.676941315;759.811427;331.0130411;1188.609813;11.74959441;6.503211916;16.99597691;-9.908625595;-24.96782128;5.150570094;21.65822001;4.789406778;38.52703324;-196.3337518;-556.5781545;163.9106509;-185.241128;-365.6049316;-4.877324381;458.1443927;-204.9369121;1121.225697;1.66602574;-1.528856703;4.860908183;1.418554595;89.65492364;1.096935151;3.148638343;3.527000594;75.3213759;37.71120314;138.6397563;0.667999113;38;38;38;38;38;38;38;38;38;3.036408522;191.9058845;2.347983822;6.739643531;7.549525905;161.2250022;80.72062859;296.7576568;1.429848528
20;Grosse Badlhohle_NA;-14997.5;-14108.5;Grosse Badlhohle;NA;Austria;47.22;15.34;495;10;6;0.999169389;8;0.000823245;2.684495108;-4.385334992;9.754325209;946.606123;499.781531;1393.430715;18.63526717;13.1683326;24.10220173;-12.55946588;-28.25173337;3.132801599;31.19473305;13.61677373;48.77269238;-211.053589;-586.4422646;164.3350867;-22.81234114;-210.7584379;165.1337556;376.972905;-313.9835984;1067.929408;0.466263651;-2.862928087;3.795455389;1.725257539;109.0390412;1.334101377;3.829399347;4.289566568;91.60646485;45.8646694;168.6147898;0.812425909;38;38;38;38;38;38;38;38;38;3.036408522;191.9058845;2.347983822;6.739643531;7.549525905;161.2250022;80.72062859;296.7576568;1.429848528
21;Grot Skeliastyi_III-3B;-14787;-14145;Grot Skeliastyi;III-3B;Ukraine;44.8069;33.982;290;6;7;1;6;1.09E-21;5.143406568;-1.678332948;11.96514608;1045.081751;613.9368821;1476.226621;22.53370514;17.25861323;27.80879705;-12.76784712;-27.90945019;2.373755952;35.30155226;18.34042901;52.26267552;-208.4488821;-570.6646251;153.7668608;54.37603219;-126.9747636;235.726828;253.6445475;-413.0652908;920.3543858;3.151010871;-0.061354703;6.363376446;1.461356269;92.36005805;1.130032686;3.243641379;3.633419854;77.59402795;38.84905334;142.8228972;0.688154474;38;38;38;38;38;38;38;38;38;3.036408522;191.9058845;2.347983822;6.739643531;7.549525905;161.2250022;80.72062859;296.7576568;1.429848528
22;Grotta del Romito_D11-D29;-15082;-14058;Grotta del Romito;D11-D29;Italie;39.910981;15.929079;296;11;4;0.681307401;6;0.318692598;9.636597223;2.470510351;16.8026841;1362.26889;909.360716;1815.177064;22.25495735;16.71358967;27.79632503;-1.656053795;-17.5619738;14.24986621;23.91101115;6.093725334;41.72829696;76.53831175;-303.9613357;457.0379592;152.2673537;-38.23765666;342.7723641;505.3211808;-195.0427964;1205.685158;2.119899191;-1.254619979;5.494418362;1.819583691;115.0006052;1.407041589;4.038766644;4.524092894;96.61492602;48.37225897;177.8335783;0.856844211;38;38;38;38;38;38;38;38;38;3.036408522;191.9058845;2.347983822;6.739643531;7.549525905;161.2250022;80.72062859;296.7576568;1.429848528
23;Grotta Paglicci_4b;-14428.5;-13369.5;Grotta Paglicci;4b;Italie;41.654194;15.615283;119;5;4;0.99985175;6;0.00014825;13.05620538;5.923495117;20.18891564;1674.04657;1223.247851;2124.845289;24.1972191;18.68166077;29.71277743;3.377719837;-12.4541171;19.20955677;20.81949926;3.08519885;38.55379967;200.1631227;-178.5643179;578.8905632;248.5101781;58.89245971;438.1278965;607.2014066;-89.90057075;1304.303384;3.462900537;0.104098453;6.821702621;1.787296845;112.9600248;1.382074924;3.967102429;4.443817008;94.90058264;47.51393754;174.6780844;0.841640295;38;38;38;38;38;38;38;38;38;3.036408522;191.9058845;2.347983822;6.739643531;7.549525905;161.2250022;80.72062859;296.7576568;1.429848528
24;Jean-Pierre_9;-15005.5;-14234.5;Jean-Pierre;9;France;45.505;5.849;799;6;6;0.907828027;8;0.09216085;0.63122596;-6.315203863;7.577655782;858.7923836;419.766887;1297.81788;18.09873286;12.72722085;23.47024487;-16.09897496;-31.51734192;-0.680608;34.19770782;16.92656281;51.46885283;-310.4390534;-679.2755112;58.39740437;-56.01549151;-240.681085;128.650102;327.9339431;-350.9622669;1006.830153;0.651636218;-2.619446177;3.922718612;1.598271244;101.0133039;1.23590584;3.547539265;3.97383622;84.86383933;42.48883462;156.204024;0.752627906;38;38;38;38;38;38;38;38;38;3.036408522;191.9058845;2.347983822;6.739643531;7.549525905;161.2250022;80.72062859;296.7576568;1.429848528
25;King arthur's cave_4;-14846.5;-12806;King arthur's cave;4;UK;51.78;-2.57;130;9;8;0.999992103;6;7.78E-06;-5.079326183;-11.91001661;1.751364243;572.9430276;141.2324463;1004.653609;14.81126094;9.529247504;20.09327438;-24.00974364;-39.17121425;-8.848273037;38.82100459;21.83762638;55.8043828;-537.4880312;-900.1790431;-174.7970194;-187.4318932;-369.0206422;-5.843144169;245.1260822;-422.4585564;912.7107209;0.353115771;-2.863464799;3.569696341;1.471523607;93.0026501;1.137894851;3.266208907;3.658699253;78.13388584;39.11934435;143.8165828;0.692942286;38;38;38;38;38;38;38;38;38;3.036408522;191.9058845;2.347983822;6.739643531;7.549525905;161.2250022;80.72062859;296.7576568;1.429848528
26;La Passag?re_2;-14962.5;-14201;La Passagäre;2;France;45.16;5.11;1050;6;6;0.999987038;4;1.06E-05;5.313642253;-2.019899518;12.64718402;1080.854574;617.3629824;1544.346167;20.29837691;14.62752027;25.96923356;-9.085855468;-25.36346008;7.191749147;29.38423238;11.15059775;47.61786701;-107.8051002;-497.1961456;281.5859451;41.59233097;-153.3643415;236.5490034;417.7752964;-298.9545695;1134.505162;0.330831859;-3.122542031;3.784205749;1.975690432;124.8668014;1.527755287;4.385262768;4.912226398;104.9037677;52.52223883;193.090376;0.930355068;38;38;38;38;38;38;38;38;38;3.036408522;191.9058845;2.347983822;6.739643531;7.549525905;161.2250022;80.72062859;296.7576568;1.429848528
27;Langmahdhalde_III;-14652.5;-14033.5;Langmahdhalde;III;Germany;48.5668;10.213;140;5;8;0.965148446;9;0.033710416;-3.034653574;-9.917988691;3.848681543;606.4730915;171.4352815;1041.510902;12.79884844;7.476126089;18.12157079;-17.6884652;-32.9667865;-2.410143896;30.48731364;13.37304314;47.60158413;-374.1295107;-739.6158119;-8.643209493;-210.0237081;-393.0119765;-27.03543973;356.3896514;-316.3401167;1029.119419;-0.237211975;-3.478582995;3.004159045;1.530212309;96.71187012;1.183277454;3.396474953;3.804618971;81.25009568;40.67953919;149.5524123;0.720578869;38;38;38;38;38;38;38;38;38;3.036408522;191.9058845;2.347983822;6.739643531;7.549525905;161.2250022;80.72062859;296.7576568;1.429848528
29;Le Campalou_2;-16105;-14119;Le Campalou;2;France;45.06;5.24;206;8;6;0.999439161;4;0.000550381;5.907905319;-1.186509789;13.00232043;1160.554358;712.1759541;1608.932762;20.60808578;15.12214021;26.09403136;-7.755652646;-23.50248926;7.991183971;28.36373843;10.72465256;46.0028243;-83.55449705;-460.2485695;293.1395754;63.72062111;-124.8790495;252.3202917;554.8264679;-138.5328048;1248.185741;0.69528575;-2.645483098;4.036054599;1.749710654;110.5845173;1.3530104;3.883675733;4.350365182;92.90485851;46.51473702;171.0046689;0.823940911;38;38;38;38;38;38;38;38;38;3.036408522;191.9058845;2.347983822;6.739643531;7.549525905;161.2250022;80.72062859;296.7576568;1.429848528
30;Ljubiceva_NA;-16135.5;-13090;Ljubiceva;NA;Croatia;45.045;13.997;170;7;6;0.999377151;4;0.00062281;7.085273426;-0.115559687;14.28610654;1177.643069;722.538877;1632.747262;20.78640666;15.21817053;26.3546428;-5.831462947;-21.81450606;10.15158017;26.61786961;8.714193033;44.52154619;-26.44639756;-408.7909755;355.8981804;75.81099444;-115.6177185;267.2397074;453.6260062;-250.1338294;1157.385842;1.018140735;-2.372740484;4.409021954;1.852753217;117.0969724;1.432690808;4.112390063;4.606563414;98.37613725;49.25404576;181.0753393;0.872463781;38;38;38;38;38;38;38;38;38;3.036408522;191.9058845;2.347983822;6.739643531;7.549525905;161.2250022;80.72062859;296.7576568;1.429848528
31;Miron_106;-15026;-14220;Miron;106;spain;43.25;-3.45;260;8;6;0.804568587;4;0.195415575;6.13811659;-0.901681341;13.17791452;1222.057937;777.1314267;1666.984448;21.18007473;15.73636334;26.62378612;-7.770452927;-23.3960607;7.855154844;28.95052766;11.44723834;46.45381698;-89.44445747;-463.2385069;284.349592;93.38234962;-93.76536458;280.5300638;416.1374111;-271.8839548;1104.158777;2.092056245;-1.222993307;5.407105798;1.695027423;107.1284495;1.310725135;3.762300273;4.214404403;90.00132826;45.0610246;165.6603065;0.79819051;38;38;38;38;38;38;38;38;38;3.036408522;191.9058845;2.347983822;6.739643531;7.549525905;161.2250022;80.72062859;296.7576568;1.429848528
33;Oblazowa Cave _Layer III upper;-14814;-14054.5;Oblazowa Cave ;Layer III upper;Poland;49.429;20.156;650;14;6;0.999504743;8;0.000417294;2.411091243;-4.4057826;9.227965086;918.0105604;487.1732093;1348.847911;17.49758301;12.22625361;22.7689124;-11.79995078;-26.93075396;3.330852396;29.29753379;12.34850822;46.24655935;-203.2857211;-565.2431101;158.6716679;-50.70273927;-231.9241849;130.5187063;382.2746954;-283.9596055;1048.508996;1.118092018;-2.091982306;4.328166341;1.455805221;92.00922293;1.12574019;3.231320216;3.619618095;77.29928247;38.70148293;142.280376;0.685540479;38;38;38;38;38;38;38;38;38;3.036408522;191.9058845;2.347983822;6.739643531;7.549525905;161.2250022;80.72062859;296.7576568;1.429848528
34;Peœa de Estebanvela_lvl 3;-15657;-13771.5;Pe§a de Estebanvela;lvl 3;spain;41.419;-3.374;1065;4;6;0.996864199;8;0.003101501;3.144275511;-3.987023355;10.27557438;997.341016;546.6314996;1448.050532;18.96699735;13.45253042;24.48146428;-11.69748909;-27.52619328;4.131215094;30.66448644;12.93369523;48.39527765;-189.749121;-568.4016202;188.9033783;-1.296498555;-190.876696;188.2836989;399.1289283;-297.8351089;1096.092965;0.489002041;-2.869135415;3.847139497;1.785921947;112.873129;1.381011748;3.964050692;4.440398553;94.82757932;47.47738692;174.5437113;0.840992854;38;38;38;38;38;38;38;38;38;3.036408522;191.9058845;2.347983822;6.739643531;7.549525905;161.2250022;80.72062859;296.7576568;1.429848528
35;Pet?ny Cave_p1;-15180.5;-14532;PetÇny Cave;p1;Hongrie;48;20.5;500;6;6;0.625006375;8;0.374990504;0.288190273;-6.649311897;7.225692442;835.9794249;397.5181703;1274.440679;17.20733534;11.84272687;22.5719438;-15.70903048;-31.10758152;-0.310479429;32.91636581;15.66741793;50.1653137;-304.3099861;-672.6724099;64.05243766;-75.62648972;-260.0547483;108.8017689;347.4131887;-330.6104941;1025.436871;0.450253622;-2.81662473;3.717131973;1.588780808;100.4134931;1.228567107;3.526474195;3.950239825;84.35992308;42.23653854;155.2764941;0.748158847;38;38;38;38;38;38;38;38;38;3.036408522;191.9058845;2.347983822;6.739643531;7.549525905;161.2250022;80.72062859;296.7576568;1.429848528
36;Petersfels_P1 AH3;-15467;-13753;Petersfels;P1 AH3;Germany;47.85;8.77;600;4;8;0.630168417;9;0.369593135;-3.683974697;-10.49131;3.123360608;572.8203483;142.5858481;1003.054848;12.3767423;7.112788834;17.64069577;-18.53748786;-33.6471192;-3.427856518;30.91423016;13.98892058;47.83953974;-400.505947;-761.9568657;-39.05502827;-226.6249106;-407.5927813;-45.65703979;343.5372833;-321.7647867;1008.839353;-0.077220528;-3.282803143;3.128362086;1.444873499;91.31832059;1.117286945;3.207056055;3.592438183;76.71883789;38.41087135;141.2119848;0.680392718;38;38;38;38;38;38;38;38;38;3.036408522;191.9058845;2.347983822;6.739643531;7.549525905;161.2250022;80.72062859;296.7576568;1.429848528
37;Pincevent_ section 36;-14437.5;-13583;Pincevent; section 36;France;48.387;2.907;50;4;8;0.630168417;9;0.369593135;-3.683974697;-10.49131;3.123360608;572.8203483;142.5858481;1003.054848;12.3767423;7.112788834;17.64069577;-18.53748786;-33.6471192;-3.427856518;30.91423016;13.98892058;47.83953974;-400.505947;-761.9568657;-39.05502827;-226.6249106;-407.5927813;-45.65703979;343.5372833;-321.7647867;1008.839353;-0.077220528;-3.282803143;3.128362086;1.444873499;91.31832059;1.117286945;3.207056055;3.592438183;76.71883789;38.41087135;141.2119848;0.680392718;38;38;38;38;38;38;38;38;38;3.036408522;191.9058845;2.347983822;6.739643531;7.549525905;161.2250022;80.72062859;296.7576568;1.429848528
38;Pont D'Ambon_4;-16016.5;-13979.5;Pont D'Ambon;4;France;45.54;0.24;80;8;6;0.998121744;4;0.00187256;4.181312409;-2.763237464;11.12586228;1046.9531;608.0464191;1485.859781;20.51184414;15.14178585;25.88190243;-11.56013786;-26.97433206;3.854056345;32.07198199;14.80551116;49.33845282;-183.4462389;-552.1828765;185.2903987;33.02810209;-151.5875144;217.6437186;358.4198;-320.2926767;1037.132277;1.501466846;-1.768730278;4.77166397;1.596276535;100.8872351;1.234363378;3.543111787;3.968876706;84.7579257;42.43580677;156.0090748;0.751688594;38;38;38;38;38;38;38;38;38;3.036408522;191.9058845;2.347983822;6.739643531;7.549525905;161.2250022;80.72062859;296.7576568;1.429848528
39;Rasik_horizon 21;-15638.5;-14238;Rasik;horizon 21;Russia;59;57.33;248;5;9;0.999911309;8;8.87E-05;-6.408614689;-12.96077832;0.143548944;437.5678107;23.46056912;851.6750523;11.72120574;6.654570567;16.78784091;-23.5285655;-38.07181517;-8.985315821;35.24977124;18.95890368;51.54063879;-546.8891723;-894.7911719;-198.9871727;-279.6334172;-453.8177416;-105.4490927;239.5839998;-400.7793482;879.9473479;1.27605092;-1.809371038;4.361472878;1.120639524;70.82621376;0.866564382;2.487382994;2.786284209;59.50289905;29.79135586;109.5235891;0.527710538;38;38;38;38;38;38;38;38;38;3.036408522;191.9058845;2.347983822;6.739643531;7.549525905;161.2250022;80.72062859;296.7576568;1.429848528
41;Stellmoor_AbH;-15297;-11290.5;Stellmoor;AbH;Germany;53.6453;10.2092;45;2;8;0.99999647;9;3.17E-06;-1.10124474;-8.925653764;6.723164285;1199.971732;705.456543;1694.486921;19.92977148;13.87933865;25.98020431;-20.70430532;-38.07144393;-3.337166711;40.6340768;21.1799822;60.0881714;-462.9825595;-878.4373158;-47.52780327;-47.34353537;-255.3495432;160.6624725;175.0328638;-589.6709867;939.7367143;3.106716777;-0.57780711;6.791240663;2.391428456;151.1421108;1.849235795;5.308039156;5.945890006;126.9783217;63.57432041;233.7217473;1.126126618;38;38;38;38;38;38;38;38;38;3.036408522;191.9058845;2.347983822;6.739643531;7.549525905;161.2250022;80.72062859;296.7576568;1.429848528
42;TeufelsbrÅcke_3;-15879.5;-13988.5;TeufelsbrÅcke;3;Germany;50.58;11.42;450;12;6;0.990438193;8;0.009521947;2.306574136;-4.59506329;9.208211561;923.8857827;487.6912374;1360.080328;16.72431937;11.38744427;22.06119447;-10.86283996;-26.18178526;4.456105329;27.58715934;10.42738319;44.74693548;-182.7265629;-549.1846667;183.7315409;-58.62867839;-242.1034998;124.846143;420.4293923;-254.0891173;1094.947902;0.75963937;-2.490350229;4.009628969;1.550197742;97.97498149;1.198731723;3.440834824;3.854309433;82.31126759;41.21083684;151.5056509;0.729990034;38;38;38;38;38;38;38;38;38;3.036408522;191.9058845;2.347983822;6.739643531;7.549525905;161.2250022;80.72062859;296.7576568;1.429848528
43;Three Holes caves_DGB;-14882.5;-13574.5;Three Holes caves;DGB;UK;50.48;-3.66;60;8;8;0.995135864;6;0.004858476;-2.39710553;-9.136723445;4.342512385;682.5355298;256.5808772;1108.490182;14.70359856;9.49200937;19.91518775;-18.36493212;-33.32425724;-3.405606997;33.06853068;16.31158916;49.82547221;-389.8337151;-747.6890252;-31.97840495;-158.9192933;-338.0869484;20.2483617;324.5110094;-334.1728291;983.194848;0.523579264;-2.650115148;3.697273675;1.365214975;86.28377423;1.055688868;3.030245177;3.394380482;72.48918776;36.29320962;133.4267093;0.64288142;38;38;38;38;38;38;38;38;38;3.036408522;191.9058845;2.347983822;6.739643531;7.549525905;161.2250022;80.72062859;296.7576568;1.429848528
44;Trou Jadot_CRla;-15753;-14024;Trou Jadot;CRla;Belgium;50.47;5.58;175;5;8;0.960932687;6;0.038987027;-1.697494348;-8.445521374;5.050532678;700.9237251;274.4376032;1127.409847;14.44121676;9.223125;19.65930852;-16.69457528;-31.67256536;-1.716585209;31.13579204;14.35794266;47.91364143;-346.0483756;-704.3501866;12.25343538;-158.3970394;-337.7882443;20.99416552;348.2927724;-311.2129148;1007.79846;0.500085488;-2.677568784;3.67773976;1.375313589;86.92202279;1.063497891;3.052660163;3.419489009;73.02539657;36.56167365;134.4136783;0.64763687;38;38;38;38;38;38;38;38;38;3.036408522;191.9058845;2.347983822;6.739643531;7.549525905;161.2250022;80.72062859;296.7576568;1.429848528
45;Ustinovo_layer 13;-15584.5;-13716;Ustinovo;layer 13;Russia;55.48;59.57;457;12;7;0.99999145;6;8.52E-06;1.332858264;-5.282860937;7.948577464;848.1148502;429.9907949;1266.238906;18.23746325;13.12168204;23.35324446;-15.30203319;-29.98635145;-0.617714922;33.53949644;17.09060851;49.98838437;-298.5990907;-649.8757174;52.67753605;-65.0595057;-240.933407;110.8143955;278.2937251;-368.2811064;924.8685566;2.44741083;-0.667939524;5.562761183;1.208322967;76.36794785;0.934367941;2.682006063;3.004294538;64.15865045;32.122354;118.0931649;0.569000779;38;38;38;38;38;38;38;38;38;3.036408522;191.9058845;2.347983822;6.739643531;7.549525905;161.2250022;80.72062859;296.7576568;1.429848528
46;Wilczyce_NA;-15599;-14097;Wilczyce;NA;Poland;50.746;21.658;200;8;6;0.999570758;4;0.000377141;2.287961247;-4.427425926;9.003348419;907.1321994;482.7089685;1331.55543;17.97316228;12.78031016;23.16601441;-12.75783809;-27.66338041;2.147704227;30.73100037;14.03430457;47.42769618;-228.5522511;-585.120975;128.0164728;-48.60786465;-227.1313637;129.9156344;347.1092846;-309.2064081;1003.424977;1.62264822;-1.539635905;4.784932345;1.33576157;84.42227182;1.032913238;2.964870096;3.321149478;70.92529236;35.51021308;130.5481363;0.629011775;38;38;38;38;38;38;38;38;38;3.036408522;191.9058845;2.347983822;6.739643531;7.549525905;161.2250022;80.72062859;296.7576568;1.429848528
47;Zapovednaya- bore pit 1_layer 1;-15366;-13735.5;Zapovednaya- bore pit 1;layer 1;Russia;54.784;57.584;664;11;6;0.980132383;8;0.019865536;0.885016367;-6.116988633;7.887021367;852.6434179;410.105481;1295.181355;18.11380469;12.69931769;23.52829169;-15.78477278;-31.32649498;-0.243050591;33.89857747;16.48925401;51.30790094;-297.8314093;-669.6187573;73.95593867;-58.16618623;-244.3092039;127.9768314;329.7442389;-354.5835062;1014.071984;0.411840174;-2.88541264;3.709092988;1.656389137;104.6864478;1.28084705;3.676538335;4.118336715;87.94974074;44.03385492;161.8840665;0.779995693;38;38;38;38;38;38;38;38;38;3.036408522;191.9058845;2.347983822;6.739643531;7.549525905;161.2250022;80.72062859;296.7576568;1.429848528
48;Zigeunerfels_F-H;-14939.5;-13806.5;Zigeunerfels;F-H;Germany;48.07;9.16;600;8;6;0.999517907;4;0.000426958;5.610216781;-1.43799961;12.65843317;1195.601629;750.143058;1641.0602;19.46878797;14.01856678;24.91900916;-7.026036495;-22.67032997;8.618256975;26.49482446;8.970604041;44.01904489;-76.09041449;-450.3314612;298.1506322;31.31605197;-156.0554606;218.6875646;431.445641;-257.3984872;1120.289769;1.562833419;-1.756180396;4.881847235;1.703542581;107.6666211;1.317309707;3.781200605;4.23557593;90.45345989;45.28739365;166.4925194;0.802200308;38;38;38;38;38;38;38;38;38;3.036408522;191.9058845;2.347983822;6.739643531;7.549525905;161.2250022;80.72062859;296.7576568;1.429848528
49;Barova Cave_12;NA;NA;Barova Cave;12;Moravie;49.3;16.7;346;9;8;0.991713802;6;0.008281768;-0.770790819;-7.610156861;6.068575223;858.0117372;425.7528431;1290.270631;15.98929213;10.70057005;21.27801422;-16.23967997;-31.42040706;-1.058952875;32.2289721;15.22402341;49.23392079;-335.1416055;-698.2932688;28.01005791;-114.8269678;-296.6463515;66.99241592;331.5021018;-336.9304318;999.9346353;1.048633023;-2.172032905;4.269298951;1.481323854;93.62204143;1.145473154;3.287961636;3.683065941;78.65425221;39.37987652;144.7743915;0.697557235;38;38;38;38;38;38;38;38;38;3.036408522;191.9058845;2.347983822;6.739643531;7.549525905;161.2250022;80.72062859;296.7576568;1.429848528
50;Peyrazet_4;NA;NA;Peyrazet;4;France;44.905;1.61353;140;9;6;0.999110654;4;0.000886016;6.12294164;-1.147431871;13.39331515;1164.964416;705.4651595;1624.463673;21.15478946;15.53277936;26.77679956;-7.994870996;-24.13226669;8.142524698;29.14966046;11.07308322;47.22623769;-83.12843707;-469.1654202;302.9085461;80.21605674;-113.0613352;273.4934487;432.7153923;-277.8408428;1143.271627;0.874033904;-2.549593974;4.297661782;1.917876754;121.2128843;1.483049319;4.256938935;4.768482281;101.8340193;50.98530584;187.4400653;0.903130535;38;38;38;38;38;38;38;38;38;3.036408522;191.9058845;2.347983822;6.739643531;7.549525905;161.2250022;80.72062859;296.7576568;1.429848528
