",""couche"",""min.14C"",""max.14C"",""site"",""level"",""pays"",""lat"",""long"",""alt"",""nb_mamm"",""First_predite"",""proba_value"",""Second_predite"",""proba_value.1"",""MAT.moy"",""MAT.min"",""MAT.max"",""Tp.moy"",""Tp.min"",""Tp.max"",""Tmax.moy"",""Tmax.min"",""Tmax.max"",""Tmin.moy"",""Tmin.min"",""Tmin.max"",""Mta.moy"",""Mta.min"",""Mta.max"",""It.moy"",""It.min"",""It.max"",""Itc.moy"",""Itc.min"",""Itc.max"",""P.moy"",""P.min"",""P.max"",""D.moy"",""D.min"",""D.max"",""MAT_se.fit"",""Tp_se.fit"",""Tmax_se.fit"",""Tmin_se.fit"",""Mta_se.fit"",""It_se.fit"",""Itc_se.fit"",""P_se.fit"",""D_se.fit"",""MAT_df"",""Tp_df"",""Tmax_df"",""Tmin_df"",""Mta_df"",""It_df"",""Itc_df"",""P_df"",""D_df"",""MAT_residual.scale"",""Tp_residual.scale"",""Tmax_residual.scale"",""Tmin_residual.scale"",""Mta_residual.scale"",""It_residual.scale"",""Itc_residual.scale"",""P_residual.scale"",""D_residual.scale"""
"1,""Abeurador_8"",-13099.5,-12062,""Abeurador"",""8"",""France"",43.33,2.6,230,7,6,0.997274085788471,8,0.00271377335948217,2.99485587989409,-4.19206957514628,10.1817813349345,986.038378192916,531.813172241796,1440.26358414404,19.1978927618899,13.6404110923145,24.7553744314652,-12.3709506626615,-28.3231241957817,3.58122287045872,31.5688434245519,13.6997459323981,49.4379409167057,-203.792754469665,-585.3988737291,177.81336478977,-1.03149205132831,-192.090480416981,190.027496314325,386.977317716242,-315.423279146645,1089.37791457913,0.33014319271102,-3.05418889255445,3.71447527797649,1.83952909139292,116.261186458394,1.42246490102342,4.08303765896761,4.57368382062458,97.6739723018796,48.9024923758229,179.782904362095,0.866236524189095,38,38,38,38,38,38,38,38,38,3.03640852152126,191.905884465861,2.34798382218673,6.73964353126576,7.54952590457405,161.225002211672,80.7206285936691,296.757656828112,1.42984852808664"
"2,""Abri de Rochedane_A3"",-12571,-12134,""Abri de Rochedane"",""A3"",""France"",47.45,6.59,355,3,6,0.548016746560979,8,0.451983252375195,0.567030995740879,-6.94306500034607,8.07712699182783,813.55047183502,338.900369802465,1288.20057386758,16.7684727705424,10.9610908662633,22.5758546748215,-14.9253826164115,-31.5948688006532,1.74410356783015,31.6938553869568,13.0212479738112,50.3664628001024,-269.319490924536,-668.085083563686,129.446101714614,-86.7225979018158,-286.372831164636,112.927635361005,384.269968641907,-349.715091193311,1118.25502847713,-1.11049770988407,-4.64701120261211,2.42601578284396,2.13139248638993,134.707420739165,1.64815605057867,4.73086064726544,5.29935371830454,113.171121704005,56.6614604266167,208.307622495154,1.00367535785755,38,38,38,38,38,38,38,38,38,3.03640852152126,191.905884465861,2.34798382218673,6.73964353126576,7.54952590457405,161.225002211672,80.7206285936691,296.757656828112,1.42984852808664"
"3,""Abri de Rochedane_A4"",-12857,-12631,""Abri de Rochedane"",""A4"",""France"",47.45,6.59,355,5,6,0.661005420284188,8,0.338994578523548,0.76791101072979,-6.79919558670185,8.33501760816143,828.043753276223,349.790489878048,1306.2970166744,17.2247127289386,11.3732458576,23.0761796002772,-15.0519842280785,-31.8480117284319,1.74404327227497,32.2766969570212,13.4623421443947,51.0910517696476,-269.458635998955,-671.251335913934,132.334063916024,-75.3433378092113,-276.509154875868,125.822479257445,379.564137566107,-359.992745806523,1119.12102093874,-1.1571616995106,-4.72052155492016,2.40619815589897,2.18004044319503,137.782049568576,1.68577437984867,4.8388401516921,5.42030878989704,115.754195387241,57.9547296376838,213.062138749681,1.02658374088282,38,38,38,38,38,38,38,38,38,3.03640852152126,191.905884465861,2.34798382218673,6.73964353126576,7.54952590457405,161.225002211672,80.7206285936691,296.757656828112,1.42984852808664"
"4,""Alice and Gwendoline Cave_NA"",-12809.5,-12587.5,""Alice and Gwendoline Cave"",NA,""UK"",52.754,-9.043,21,2,9,1,8,2.38026351394204e-17,-11.4820999995404,-18.3112284112256,-4.65297158785523,153.764968512492,-277.846890921623,585.376827946608,4.51819566881977,-0.762609900201316,9.79900123784086,-25.1628036111979,-40.3208071531383,-10.0048000692575,29.680999280019,12.7015047606683,46.6604937993697,-628.017700089229,-990.625773236817,-265.409626941641,-467.630698868121,-649.177922909612,-286.08347482663,314.242208366748,-353.189769664536,981.674186398032,0.139408402182767,-3.07643661285843,3.35525341722396,1.46975325352934,92.8907609321994,1.13652587833084,3.26227941250245,3.65429756312652,78.0398849072395,39.072280841525,143.643560654461,0.69210862481594,38,38,38,38,38,38,38,38,38,3.03640852152126,191.905884465861,2.34798382218673,6.73964353126576,7.54952590457405,161.225002211672,80.7206285936691,296.757656828112,1.42984852808664"
"5,""Broken cavern_lwr7"",-12547.5,-11394.5,""Broken cavern"",""lwr7"",""UK"",50.51,-3.66,80,8,8,0.995135864032803,6,0.00485847573083802,-2.39710552994597,-9.1367234446411,4.34251238474915,682.535529831686,256.580877249714,1108.49018241366,14.7035985617376,9.49200937034128,19.915187753134,-18.364932121076,-33.3242572448313,-3.40560699732062,33.0685306828195,16.3115891601978,49.8254722054413,-389.833715093177,-747.689025240363,-31.9784049459907,-158.919293347866,-338.086948391458,20.2483616957256,324.511009437119,-334.172829086579,983.194847960818,0.523579263682279,-2.65011514762348,3.69727367498804,1.36521497545071,86.2837742329374,1.05568886842649,3.03024517711265,3.39438048254253,72.4891877612616,36.2932096267009,133.42670932119,0.642881420380172,38,38,38,38,38,38,38,38,38,3.03640852152126,191.905884465861,2.34798382218673,6.73964353126576,7.54952590457405,161.225002211672,80.7206285936691,296.757656828112,1.42984852808664"
"6,""Direkli_NA"",-12723,-9550,""Direkli"",NA,""Turkey"",37.85,36.616,1199,4,6,0.690870753903368,4,0.309129245860825,11.1337171572825,4.08756150033476,18.1798728142302,1576.74083361067,1131.41250448544,2022.0691627359,24.4143518208008,18.9657241497014,29.8629794919002,-1.63906286227854,-17.2787823061718,14.0006565816147,26.053414683083,8.53431793350054,43.5725114326655,86.1762165945929,-287.955410728739,460.307843917925,193.355899363046,6.03916982340576,380.672628902686,321.907347949273,-366.735378344468,1010.55007424301,3.70183804480119,0.383794631555717,7.01988145804667,1.70146092525607,107.535057101532,1.31570001146703,3.77658013976932,4.23040023758255,90.3429296463865,45.2320543961014,166.289072693885,0.801220053998354,38,38,38,38,38,38,38,38,38,3.03640852152126,191.905884465861,2.34798382218673,6.73964353126576,7.54952590457405,161.225002211672,80.7206285936691,296.757656828112,1.42984852808664"
"7,""Dufaure_3"",-12691.5,-10728.5,""Dufaure"",""3"",""France"",43.498,-1.38,30,4,6,0.999651299100277,8,0.00021646867118758,3.65882904137794,-3.48603727495464,10.8036953577105,1031.56045405528,579.993453071105,1483.12745503945,20.3040936319796,14.7791353124611,25.8290519514981,-12.2824058138842,-28.1412244508785,3.57641282311002,32.5864994458666,14.8219750225038,50.3510238692294,-198.942721908723,-578.315615736493,180.430171919048,28.1199987646628,-161.820879145648,218.060876674974,369.910059980655,-328.379966330652,1068.20008629196,0.791075934737478,-2.57345045009352,4.15560231956848,1.79910574735559,113.706366336013,1.39120647279625,3.99331358948804,4.47317788382579,95.5276031010198,47.8278682870601,175.832205115716,0.847201121488025,38,38,38,38,38,38,38,38,38,3.03640852152126,191.905884465861,2.34798382218673,6.73964353126576,7.54952590457405,161.225002211672,80.7206285936691,296.757656828112,1.42984852808664"
"8,""Gamssulzenhöhle_120 - 150 cm"",-13108,-12545,""Gamssulzenhöhle"",""120 - 150 cm"",""Austria"",47.6822,14.2978,1300,7,6,0.999743002990419,8,0.000256857613233595,3.53695547319137,-3.89327145382579,10.9671824002085,964.851191926078,495.248943050523,1434.45344080163,18.2950989767935,12.5494779590156,24.0407199945714,-10.539565277096,-27.0317732555597,5.95264270136762,28.8346642538927,10.3606380269225,47.3086904808629,-150.837148872575,-545.361912009979,243.687614264829,-21.7426080135583,-219.269582362168,175.784366335052,422.133613913888,-304.045593177142,1148.31282100492,-0.368381989293084,-3.86728503861745,3.13052106003128,2.06195603880357,130.318925978403,1.59446246671229,4.57673879525092,5.12671151418102,109.484235918928,54.8155448797604,201.521382324192,0.970977648813057,38,38,38,38,38,38,38,38,38,3.03640852152126,191.905884465861,2.34798382218673,6.73964353126576,7.54952590457405,161.225002211672,80.7206285936691,296.757656828112,1.42984852808664"
"9,""Grotta della Serratura_8a"",-12001,-11207,""Grotta della Serratura"",""8a"",""Italie"",39.999,15.386,5,4,4,0.999999993260618,6,6.73938188228279e-09,16.5947938811177,9.00467160145956,24.1849161607759,1791.66156123652,1311.95366983853,2271.3694526345,25.0366637122675,19.1673993511835,30.9059280733515,10.527860779698,-6.31925256524331,27.3749741246393,14.5088029325713,-4.36277655451813,33.3803824196606,380.631785310397,-22.3829844912837,783.646555112078,316.980849176029,115.203177570146,518.758520781912,647.321406694085,-94.4848709479385,1389.12768433611,4.84336548940664,1.26916752077177,8.4175634580415,2.19947735269588,139.010493397068,1.70080448819471,4.88198251559233,5.46863543986574,116.786242213302,58.4714452053376,214.96176842025,1.03573660560552,38,38,38,38,38,38,38,38,38,3.03640852152126,191.905884465861,2.34798382218673,6.73964353126576,7.54952590457405,161.225002211672,80.7206285936691,296.757656828112,1.42984852808664"
"10,""Grotta della Serratura_8b"",-12538,-11405.5,""Grotta della Serratura"",""8b"",""Italie"",39.999,15.386,5,5,4,0.999782765196471,6,0.000217234803310257,10.0645154789653,2.83648853046781,17.2925424274628,1437.35842379813,980.535537594547,1894.18131000171,23.5422999934929,17.953035498576,29.1315644884097,-1.8535290853938,-17.8969319154087,14.1898737446211,25.3958290788896,7.42453954394192,43.3671186138373,62.9798990742784,-320.808597268662,446.768395417218,193.109247297873,0.957606753015739,385.260887842731,480.988393947293,-225.429179815777,1187.40596771036,3.4319361652733,0.0282493359062741,6.83562299464032,1.87841372014402,118.718757308863,1.45253347664235,4.16934638019882,4.67036399721002,99.7386399221825,49.9362108801591,183.583220173693,0.884547343958862,38,38,38,38,38,38,38,38,38,3.03640852152126,191.905884465861,2.34798382218673,6.73964353126576,7.54952590457405,161.225002211672,80.7206285936691,296.757656828112,1.42984852808664"
"11,""Grotte Walou_B1"",-12132,-11122.5,""Grotte Walou"",""B1"",""Belgium"",50.55,5.7,175,5,8,0.997467046549918,6,0.00238942384067415,-1.70626676176789,-8.35845786015621,4.94592433662043,757.260301375201,336.83116368705,1177.68943906335,14.8862805736492,9.74229649825046,20.0302646490479,-16.827304078176,-31.5925757427854,-2.06203241356653,31.7135846518254,15.1740153996951,48.2531539039557,-359.398685517081,-712.61187041909,-6.18550061507165,-144.7609377547,-321.604416878546,32.082541369147,531.62029623572,-118.519047379845,1181.75963985129,0.583466660718159,-2.54905835466292,3.71599167609923,1.25623356597723,79.3959745093132,0.971416088743128,2.78834892165814,3.12341629307147,66.702572469262,33.3960211175223,122.775616925701,0.591561939875489,38,38,38,38,38,38,38,38,38,3.03640852152126,191.905884465861,2.34798382218673,6.73964353126576,7.54952590457405,161.225002211672,80.7206285936691,296.757656828112,1.42984852808664"
"12,""Kartstein_Ahrensburgian layers (Kartstein abri)"",-12029.5,-10587,""Kartstein"",""Ahrensburgian layers (Kartstein abri)"",""Germany"",50.54,6.63,376,12,6,0.945103440198601,8,0.0548783678314695,1.84728238674825,-5.09494482176303,8.78950959525953,973.994239186875,535.234354550254,1412.7541238235,18.1701584139566,12.8018961857363,23.538420642177,-13.5029054240647,-28.9119442167035,1.90613336857414,31.6730638380241,14.4123679288199,48.9337597472282,-247.888173427971,-616.501483894313,120.725137038371,-41.964436050187,-226.518306235727,142.589434135353,353.281257668379,-325.204217841358,1031.76673317812,1.05295114740071,-2.21615223094173,4.32205452574314,1.59380925494445,100.731299023872,1.23245548803366,3.53763538701183,3.96274222387067,84.626919873306,42.3702159988233,155.767939846023,0.750526749309559,38,38,38,38,38,38,38,38,38,3.03640852152126,191.905884465861,2.34798382218673,6.73964353126576,7.54952590457405,161.225002211672,80.7206285936691,296.757656828112,1.42984852808664"
"13,""Kesh Corran_NA"",-11991.5,-11264.5,""Kesh Corran"",NA,""UK"",54.2,-8.5,31,2,9,1,8,2.38026351394204e-17,-11.4820999995404,-18.3112284112256,-4.65297158785523,153.764968512492,-277.846890921623,585.376827946608,4.51819566881977,-0.762609900201316,9.79900123784086,-25.1628036111979,-40.3208071531383,-10.0048000692575,29.680999280019,12.7015047606683,46.6604937993697,-628.017700089229,-990.625773236817,-265.409626941641,-467.630698868121,-649.177922909612,-286.08347482663,314.242208366748,-353.189769664536,981.674186398032,0.139408402182767,-3.07643661285843,3.35525341722396,1.46975325352934,92.8907609321994,1.13652587833084,3.26227941250245,3.65429756312652,78.0398849072395,39.072280841525,143.643560654461,0.69210862481594,38,38,38,38,38,38,38,38,38,3.03640852152126,191.905884465861,2.34798382218673,6.73964353126576,7.54952590457405,161.225002211672,80.7206285936691,296.757656828112,1.42984852808664"
"14,""Kilgreany Cave_NA"",-12574,-11761,""Kilgreany Cave"",NA,""UK"",52.08,-7.65,16,2,9,1,8,2.38026351394204e-17,-11.4820999995404,-18.3112284112256,-4.65297158785523,153.764968512492,-277.846890921623,585.376827946608,4.51819566881977,-0.762609900201316,9.79900123784086,-25.1628036111979,-40.3208071531383,-10.0048000692575,29.680999280019,12.7015047606683,46.6604937993697,-628.017700089229,-990.625773236817,-265.409626941641,-467.630698868121,-649.177922909612,-286.08347482663,314.242208366748,-353.189769664536,981.674186398032,0.139408402182767,-3.07643661285843,3.35525341722396,1.46975325352934,92.8907609321994,1.13652587833084,3.26227941250245,3.65429756312652,78.0398849072395,39.072280841525,143.643560654461,0.69210862481594,38,38,38,38,38,38,38,38,38,3.03640852152126,191.905884465861,2.34798382218673,6.73964353126576,7.54952590457405,161.225002211672,80.7206285936691,296.757656828112,1.42984852808664"
"15,""Lapa do Picareiro_Camada E top"",-12052,-11245.5,""Lapa do Picareiro"",""Camada E top"",""Portugal"",39.531,-8.652,469,4,4,0.99952169616278,6,0.000478303837220253,13.6386609067798,6.43098491139256,20.846336902167,1574.34943762347,1118.81276426928,2029.88611097767,24.2261676233071,18.6526400453203,29.7996952012939,4.46110670751432,-11.5371249380198,20.4593383530484,19.7650609157956,1.84437064856829,37.685751183023,238.553125025952,-144.154791270871,621.261041322775,241.04683077964,49.4362049618517,432.657456597428,560.809229774764,-143.619381990465,1265.23784153999,3.2867955785224,-0.10730796185579,6.68089911890059,1.85923435932868,117.506590970022,1.43770252468213,4.12677567400538,4.6226776993083,98.7202682281384,49.4263420499058,181.708761537881,0.875515759230692,38,38,38,38,38,38,38,38,38,3.03640852152126,191.905884465861,2.34798382218673,6.73964353126576,7.54952590457405,161.225002211672,80.7206285936691,296.757656828112,1.42984852808664"
"16,""Merlin's cave - west wall section_G"",-12381,-11770,""Merlin's cave - west wall section"",""G"",""UK"",52.08,-2.65,90,5,9,0.97427386166333,8,0.0257260045308321,-5.51274667110738,-12.1126117586931,1.08711841647835,509.475931020963,92.3538810690204,926.597980972905,11.8223057126822,6.71878411984252,16.925827305522,-21.4225517390514,-36.0716800528162,-6.77342342528658,33.2448574517375,16.8353881421009,49.6543267613742,-490.223384663404,-840.658201257071,-139.788568069738,-253.8639793284,-429.316410951936,-78.4115477048642,296.752512916632,-348.272846777837,941.777872611101,0.766727984786485,-2.34115664739304,3.87461261696601,1.18697882332161,75.0189637913598,0.91786301305763,2.63463038377358,2.95122586810477,63.0253347199001,31.5549360590947,116.007135343248,0.558949795907603,38,38,38,38,38,38,38,38,38,3.03640852152126,191.905884465861,2.34798382218673,6.73964353126576,7.54952590457405,161.225002211672,80.7206285936691,296.757656828112,1.42984852808664"
"17,""Merlin's cave - west wall section_H I/f"",-12089.5,-11408,""Merlin's cave - west wall section"",""H I/f"",""UK"",52.08,-2.65,90,4,9,0.999999855136256,8,1.44863743265393e-07,-8.45304010126983,-15.0833813126204,-1.82269888991929,333.510605608055,-85.5375842044251,752.558795420535,9.10310349149495,3.97601542363859,14.2301915593513,-24.447458428268,-39.1642318592605,-9.73068499727541,33.5505619197675,17.065318785824,50.0358050537109,-580.724708277499,-932.777723834368,-228.67169272063,-345.958585460412,-522.221201830156,-169.695969090668,279.111958893656,-368.891927245311,927.115845032623,0.25608259262674,-2.86615328392522,3.3783184691787,1.22772365829464,77.5941026560728,0.949370042719903,2.725068037835,3.05253113876459,65.1887742116817,32.6381067417144,119.989254899542,0.578136589087901,38,38,38,38,38,38,38,38,38,3.03640852152126,191.905884465861,2.34798382218673,6.73964353126576,7.54952590457405,161.225002211672,80.7206285936691,296.757656828112,1.42984852808664"
"18,""Miron_305-306"",-13579.5,-11810.5,""Miron"",""305-306"",""spain"",43.25,-3.45,260,7,6,0.880955727433917,4,0.119044269781544,9.1280741208154,1.88457291150594,16.3715753301249,1327.2605433201,869.459659035394,1785.06142760481,22.416734953496,16.8155045739528,28.0179653330391,-3.07451838971946,-19.1522680479175,13.0032312684786,25.4912533432174,7.48148962667454,43.5010170597603,45.9067043335381,-338.703433009271,430.516841676347,145.025112155669,-47.5378999325475,337.588124243885,485.978633864939,-221.951287577029,1193.90855530691,1.65627443995965,-1.75469923796165,5.06724811788094,1.89290281207938,119.634491138239,1.46373755317595,4.20150651742801,4.70638871987972,100.507971144502,50.3213924525607,184.999284231552,0.891370275270719,38,38,38,38,38,38,38,38,38,3.03640852152126,191.905884465861,2.34798382218673,6.73964353126576,7.54952590457405,161.225002211672,80.7206285936691,296.757656828112,1.42984852808664"
"19,""Mureybet I_NA"",-12645.5,-11619.5,""Mureybet I"",NA,""Syrie"",35.92,37.67,322,3,3,0.866536990897452,4,0.133435741540509,18.9375684435223,10.7641307825256,27.1110061045189,2468.82453769958,1952.25017942638,2985.39889597279,29.7343304145219,23.4140018870361,36.0546589420077,7.09106624891581,-11.0507799057451,25.2329124035767,22.6432641656077,2.32136778250823,42.9651605487071,321.064189382465,-112.92303454712,755.05141331205,421.601592352576,204.316921633674,638.886263071479,-15.7550983572655,-814.570604016826,783.060407302295,8.31611992117635,4.46723801804929,12.1650018243034,2.66109282770589,168.185331165783,2.05776095821921,5.9065889636485,6.61636571457671,141.296763591415,70.7431441705035,260.076885753321,1.25311190369433,38,38,38,38,38,38,38,38,38,3.03640852152126,191.905884465861,2.34798382218673,6.73964353126576,7.54952590457405,161.225002211672,80.7206285936691,296.757656828112,1.42984852808664"
"21,""Peña de Estebanvela_lvl 1"",-13279.5,-12434.5,""Peña de Estebanvela"",""lvl 1"",""spain"",41.419,-3.374,1065,6,6,0.957311802365689,4,0.042688129872094,7.62743325664525,0.467897810250332,14.7869687030402,1248.54228229479,796.048168783105,1701.03639580648,21.7301051598146,16.193803544482,27.2664067751471,-5.43129723454075,-21.3226756232394,10.4600811541579,27.1614023943584,9.36040561340008,44.9623991753168,-19.2150606412142,-399.36684522429,360.936723941862,111.826008116155,-78.5048375442672,302.156853776576,455.970835477227,-243.752850578529,1155.69452153298,1.56992772848528,-1.80150636783424,4.94136182480479,1.81327966242076,114.602180482116,1.4021668304142,4.02477415690004,4.50841897151057,96.280199292057,48.2046711202706,177.217465956939,0.853875635621915,38,38,38,38,38,38,38,38,38,3.03640852152126,191.905884465861,2.34798382218673,6.73964353126576,7.54952590457405,161.225002211672,80.7206285936691,296.757656828112,1.42984852808664"
"22,""Pishma 1_Layer 5"",-12074.5,-10894.5,""Pishma 1"",""Layer 5"",""Russia"",64.62,48.96,161,9,8,0.999999910956136,9,8.78161455794714e-08,-8.72216156800687,-15.7580859052206,-1.68623723079317,404.372558413132,-40.3091349090151,849.054251735278,14.0305326540974,8.58981662368963,19.4712486845053,-30.6592226252915,-46.2762325268511,-15.0422127237318,44.6897552793912,27.1960970084661,62.1834135503163,-714.210750147788,-1087.79912232773,-340.622377967844,-246.326019563303,-433.37075719065,-59.2812819359562,160.985186185106,-526.65760138201,848.627973752221,-0.0713177543094616,-3.38454322643853,3.2419077178196,1.69109803481724,106.880105819058,1.30768663022106,3.75357856174836,4.20463463020143,89.7926884577988,44.9565647759332,165.276275152712,0.796340156074323,38,38,38,38,38,38,38,38,38,3.03640852152126,191.905884465861,2.34798382218673,6.73964353126576,7.54952590457405,161.225002211672,80.7206285936691,296.757656828112,1.42984852808664"
"23,""Pont D'Ambon_2"",-12804,-10606,""Pont D'Ambon"",""2"",""France"",45.54,0.24,80,10,6,0.998874061327224,4,0.00110186775300001,4.07546706026886,-2.89987660829723,11.050810728835,1044.9892963695,604.13639838762,1485.84219435138,20.1449640625835,14.7510936489344,25.5388344762327,-11.258637947116,-26.741182374522,4.22390648029002,31.4036020097028,14.0605675181638,48.7466365012418,-176.996878746399,-547.368582824054,193.374825331257,27.8069426658926,-157.627303613139,213.241188944924,373.775310831217,-307.946739407728,1055.49736107016,1.3094995001405,-1.97519846019878,4.59419746047979,1.62870896461834,102.937016602748,1.25944261876146,3.61509914094335,4.04951456045769,86.4799991706006,43.2979984374003,159.178797111572,0.766961065757487,38,38,38,38,38,38,38,38,38,3.03640852152126,191.905884465861,2.34798382218673,6.73964353126576,7.54952590457405,161.225002211672,80.7206285936691,296.757656828112,1.42984852808664"
"24,""Pont D'Ambon_3A"",-12680,-10714,""Pont D'Ambon"",""3A"",""France"",45.54,0.24,80,9,6,0.999534215248122,4,0.000329919584853184,4.33173151585527,-2.78809801842544,11.451561050136,1066.23292584697,616.248289610425,1516.21756208352,19.9173362109316,14.4117382504692,25.4229341713941,-10.3037095224462,-26.1069562609282,5.49953721603585,30.2210457333813,12.5187711138008,47.9233203529617,-150.935751004719,-528.979260063255,227.107758053816,32.4891300771037,-156.786163880697,221.764424034905,406.253438303676,-289.589665360837,1102.09654196819,0.859896752484914,-2.49283978071342,4.21263328568325,1.77472104995108,112.16521438308,1.37235035557458,3.93918906475453,4.41254938030734,94.2328422461785,47.1796195126917,173.449012731379,0.835718337322277,38,38,38,38,38,38,38,38,38,3.03640852152126,191.905884465861,2.34798382218673,6.73964353126576,7.54952590457405,161.225002211672,80.7206285936691,296.757656828112,1.42984852808664"
"25,""Pymvashor_4"",-13454.5,-10779,""Pymvashor"",""4"",""Russia"",67.167,60.85,102,10,8,0.999998814069944,9,1.18575270495965e-06,-9.49998845822506,-16.5239958331158,-2.47598108333432,364.059734134949,-79.8687880712147,807.988256341113,13.4511110997823,8.01961017812738,18.8826120214373,-31.576428464195,-47.166987353823,-15.9858695745671,45.0275395639806,27.5635108422822,62.4915682856789,-741.948273818838,-1114.90388783622,-368.992659801459,-266.719887266299,-453.447821445487,-79.9919530871113,152.837703610654,-533.64040213239,839.315809353698,-0.0885784911465635,-3.39619225097935,3.21903526868622,1.67896636941735,106.113365124547,1.29830549659124,3.72665099266261,4.17447125740329,89.1485301480506,44.6340536085371,164.090609728585,0.790627339833582,38,38,38,38,38,38,38,38,38,3.03640852152126,191.905884465861,2.34798382218673,6.73964353126576,7.54952590457405,161.225002211672,80.7206285936691,296.757656828112,1.42984852808664"
"26,""Santimamiñe_Arcp"",-11990.5,-11315.5,""Santimamiñe"",""Arcp"",""spain"",43.346,-2.636,137,3,6,0.997726043840215,8,0.00227091653939468,2.7956297053239,-4.4762626572814,10.0675220679292,970.968194516197,511.372943845795,1430.5634451866,19.5057533101636,13.8825687145921,25.1289379057351,-13.2688994244494,-29.4096663780145,2.87186752911569,32.7746527346162,14.6942991268421,50.8550063423903,-222.517599142615,-608.635229209302,163.600030924073,-0.678150046992869,-193.995919515284,192.639619421298,370.775170304631,-339.92950692761,1081.47984753687,0.11833139517482,-3.30601171194648,3.54267450229612,1.91928117532354,121.301645967128,1.48413532564763,4.26005620332958,4.77197414266476,101.90859021214,51.0226413284117,187.57732378447,0.903791879146046,38,38,38,38,38,38,38,38,38,3.03640852152126,191.905884465861,2.34798382218673,6.73964353126576,7.54952590457405,161.225002211672,80.7206285936691,296.757656828112,1.42984852808664"
"27,""schuger 4_layer 1"",-11980,-11359.5,""schuger 4"",""layer 1"",""Russia"",64.31,58.3,176,10,8,0.999998814069944,9,1.18575270495965e-06,-9.49998845822506,-16.5239958331158,-2.47598108333432,364.059734134949,-79.8687880712147,807.988256341113,13.4511110997823,8.01961017812738,18.8826120214373,-31.576428464195,-47.166987353823,-15.9858695745671,45.0275395639806,27.5635108422822,62.4915682856789,-741.948273818838,-1114.90388783622,-368.992659801459,-266.719887266299,-453.447821445487,-79.9919530871113,152.837703610654,-533.64040213239,839.315809353698,-0.0885784911465635,-3.39619225097935,3.21903526868622,1.67896636941735,106.113365124547,1.29830549659124,3.72665099266261,4.17447125740329,89.1485301480506,44.6340536085371,164.090609728585,0.790627339833582,38,38,38,38,38,38,38,38,38,3.03640852152126,191.905884465861,2.34798382218673,6.73964353126576,7.54952590457405,161.225002211672,80.7206285936691,296.757656828112,1.42984852808664"
"28,""Sed’yu-1 _1, 20-45"",-13041.5,-11409.5,""Sed’yu-1 "",""1, 20-45"",""Russia"",63.41,53.99,10,12,8,0.99999996824334,6,3.05176157639218e-08,-7.05687608532389,-14.1071318903325,-0.00662028031533435,494.355393955746,48.7679289024987,939.942859008993,14.8924664922006,9.44066827232715,20.344264712074,-28.1473821190193,-43.7962022936475,-12.4985619443911,43.0398486112226,25.5105575238959,60.5691396985494,-643.664065888224,-1018.01339987899,-269.314731897462,-206.888780113408,-394.314508994359,-19.4630512324562,194.015356512013,-495.028090015044,883.058803039069,-0.0418737102274918,-3.36184788826571,3.27810046781073,1.70560033113889,107.796674186808,1.31890091739831,3.78576800756896,4.24069218338642,90.5627207969787,45.3420973769775,166.693629716348,0.803169305348018,38,38,38,38,38,38,38,38,38,3.03640852152126,191.905884465861,2.34798382218673,6.73964353126576,7.54952590457405,161.225002211672,80.7206285936691,296.757656828112,1.42984852808664"
"29,""Seuil des chèvres_8i"",-12516,-11265.5,""Seuil des chèvres"",""8i"",""France"",45.75,5.95,250,9,6,0.999836198909817,8,0.000133552457810732,3.42596084991612,-3.68073771741783,10.5326594172501,997.966864955179,548.812126872305,1447.12160303805,19.7091426428304,14.2136985525544,25.2045867331064,-12.2368809155408,-28.0109820249632,3.5372201938815,31.9460235583738,14.2763969090562,49.6156502076913,-198.249283190955,-575.595573755988,179.097007374079,8.45672658709236,-180.469490525985,197.38294370017,371.148367575566,-323.411405813924,1065.70814096506,0.655470920933666,-2.69108222368962,4.00202406555695,1.76183186902482,111.350597493369,1.36238345287305,3.9105801064285,4.38050257086063,93.5484619302183,46.8369703668172,172.189312956794,0.829648806083304,38,38,38,38,38,38,38,38,38,3.03640852152126,191.905884465861,2.34798382218673,6.73964353126576,7.54952590457405,161.225002211672,80.7206285936691,296.757656828112,1.42984852808664"
"31,""Sokoliny_layer 2"",-12517,-12048.5,""Sokoliny"",""layer 2"",""Russia"",65.5,60.5,290,10,8,0.999998814069944,9,1.18575270495965e-06,-9.49998845822506,-16.5239958331158,-2.47598108333432,364.059734134949,-79.8687880712147,807.988256341113,13.4511110997823,8.01961017812738,18.8826120214373,-31.576428464195,-47.166987353823,-15.9858695745671,45.0275395639806,27.5635108422822,62.4915682856789,-741.948273818838,-1114.90388783622,-368.992659801459,-266.719887266299,-453.447821445487,-79.9919530871113,152.837703610654,-533.64040213239,839.315809353698,-0.0885784911465635,-3.39619225097935,3.21903526868622,1.67896636941735,106.113365124547,1.29830549659124,3.72665099266261,4.17447125740329,89.1485301480506,44.6340536085371,164.090609728585,0.790627339833582,38,38,38,38,38,38,38,38,38,3.03640852152126,191.905884465861,2.34798382218673,6.73964353126576,7.54952590457405,161.225002211672,80.7206285936691,296.757656828112,1.42984852808664"
"32,""Stellmoor_Ahrensburgian culture"",-12689.5,-10791.5,""Stellmoor"",""Ahrensburgian culture"",""Germany"",53.6453,10.2092,45,2,8,0.995600735988521,9,0.00439922620868387,-5.44591123756072,-12.5591012092193,1.6672787340979,654.097683281325,204.532678042526,1103.66268852012,14.8006708448117,9.30020710311877,20.3011345865047,-24.0639352337698,-39.8524447308829,-8.27542573665675,38.864606078585,21.178839629646,56.5503725275239,-566.807491194719,-944.498457605964,-189.116524783473,-190.196217927194,-379.295004124381,-1.09743173000678,702.300518996431,7.10632045523425,1397.49471753763,0.581209714633985,-2.76840024031408,3.93081966958205,1.76821251330848,111.753864437207,1.3673174561361,3.92474264999497,4.39636698402042,93.8872567206599,47.0065949788411,172.812913184909,0.832653459367789,38,38,38,38,38,38,38,38,38,3.03640852152126,191.905884465861,2.34798382218673,6.73964353126576,7.54952590457405,161.225002211672,80.7206285936691,296.757656828112,1.42984852808664"
"33,""Taforalt_s8-grey"",-13058,-12704.5,""Taforalt"",""s8-grey"",""Maroc"",34.810556,-2.408333,768,6,4,0.995324049458091,3,0.00467595054175138,21.5438193084334,12.8989965311572,30.1886420857096,2749.19651142453,2202.82985839833,3295.56316445073,32.9053498650118,26.2205102319882,39.5901894980354,12.6531700491106,-6.5349673496799,31.8413074479012,20.2521798159046,-1.24173743367562,41.7460970654849,426.97717721349,-32.0393093716499,885.99366379863,537.053342402132,307.237254179263,766.869430625001,38.8279977519724,-806.057442693795,883.713438197739,11.2862857937477,7.21542805637532,15.3571435311201,3.00264988974243,189.772284838552,2.32187906035575,6.66471252554634,7.46559066881414,159.43251103513,79.8231808496203,293.458320657302,1.41395154663074,38,38,38,38,38,38,38,38,38,3.03640852152126,191.905884465861,2.34798382218673,6.73964353126576,7.54952590457405,161.225002211672,80.7206285936691,296.757656828112,1.42984852808664"
"34,""Volosovo_NA"",-12842.5,-12057,""Volosovo"",NA,""belarus"",55.02,30.334,185,2,9,0.995625858935198,8,0.00437414106480087,-13.4555108984882,-20.408468491582,-6.50255330539448,143.336368204691,-296.101693933199,582.774430342581,10.562533380363,5.18597359625485,15.9390931644711,-36.5015664734656,-51.9344225378999,-21.0687104090312,47.0640998538311,29.7767246240423,64.3514750836198,-894.91282711862,-1264.09589170921,-525.729762528029,-377.609371166907,-562.448500527031,-192.770241806783,79.8373276306374,-599.696861766901,759.371517028176,0.689383102605859,-2.58477322710735,3.96353943231906,1.60518228978131,101.450093051078,1.24124999035996,3.56287909191051,3.99101938766663,85.2307969714402,42.672559545333,156.879461943688,0.755882325479927,38,38,38,38,38,38,38,38,38,3.03640852152126,191.905884465861,2.34798382218673,6.73964353126576,7.54952590457405,161.225002211672,80.7206285936691,296.757656828112,1.42984852808664"
"35,""Gully_cave_YD"",NA,NA,""Gully_cave"",""YD"",""UK"",51.27,-2.67,285,7,8,0.993572775111905,6,0.00642703287878813,-1.77697840238307,-8.74485658914104,5.19089978437491,702.857410207071,262.47634263905,1143.23847777509,14.7673995144569,9.37930198360197,20.1554970453118,-17.2308683981287,-32.6968423654601,-1.76489443079722,31.9982679125874,14.6737951026867,49.322740722488,-351.846129261103,-721.82143663769,18.1291781154848,-150.549249031112,-335.785031111392,34.6865330491688,355.117244221794,-325.875181240786,1036.10966968437,-0.260072054001625,-3.54125450972448,3.02111040172123,1.62089267396134,102.443014507462,1.25339846367427,3.59775002194582,4.03008065083239,86.0649754774673,43.0902082501997,158.414886694373,0.763280364820243,38,38,38,38,38,38,38,38,38,3.03640852152126,191.905884465861,2.34798382218673,6.73964353126576,7.54952590457405,161.225002211672,80.7206285936691,296.757656828112,1.42984852808664"
